10	attribute1_code	属性１コード	0	NORMAL	NULL
10	attribute2_code	属性２コード	0	NORMAL	NULL
10	attribute1_name	属性１名	0	NORMAL	NULL
10	attribute2_name	属性２名	0	NORMAL	NULL
10	code1	SKUコード	1	NORMAL	NULL
10	name	品名	0	LENGTH	10
10	product_head_code	商品品番	0	NORMAL	NULL
10	code3	バーコード1	0	NORMAL	NULL
10	code4	バーコード2	0	NORMAL	NULL
10	code5	バーコード3	0	NORMAL	NULL
10	note	備考	0	NORMAL	NULL
10	register_dt	登録日	0	DATE	yyyy/MM/dd
30	last_update	親商品最終更新日時	0	DATE	yyyy/MM/dd
30	code1	親商品SKUコード	1	NORMAL	NULL
30	configuration_product_code	構成商品SKUコード	1	NORMAL	NULL
30	amount	構成商品数量	1	NORMAL	NULL
31	code1	親商品SKUコード	0	NORMAL	NULL
31	name	親商品名	0	NORMAL	NULL
31	configuration_product_code	構成商品SKUコード	0	NORMAL	NULL
31	configuration_product_name	構成商品名	0	NORMAL	NULL
31	amount	構成商品数量	0	NORMAL	NULL
99	not_compatible	空白	0	NORMAL	NULL
99	not_compatible	空白	0	NORMAL	NULL
99	not_compatible	空白	0	NORMAL	NULL
99	not_compatible	空白	0	NORMAL	NULL
99	not_compatible	空白	0	NORMAL	NULL
99	not_compatible	空白	0	NORMAL	NULL
99	not_compatible	空白	0	NORMAL	NULL
99	not_compatible	空白	0	NORMAL	NULL
99	not_compatible	空白	0	NORMAL	NULL
99	not_compatible	空白	0	NORMAL	NULL
99	not_compatible	空白	0	NORMAL	NULL
99	not_compatible	空白	0	NORMAL	NULL
99	not_compatible	空白	0	NORMAL	NULL
99	not_compatible	空白	0	NORMAL	NULL
99	not_compatible	空白	0	NORMAL	NULL
99	not_compatible	空白	0	NORMAL	NULL
99	not_compatible	空白	0	NORMAL	NULL
99	not_compatible	空白	0	NORMAL	NULL
99	not_compatible	空白	0	NORMAL	NULL
99	not_compatible	空白	0	NORMAL	NULL
55	item.update_type	区分	0	NORMAL	NULL
55	item.code1	品番	0	NORMAL	NULL
55	item.attr1_code	属性１コード	0	NORMAL	NULL
55	item.attr2_code	属性２コード	0	NORMAL	NULL
55	item.attr1_name	属性１名	0	NORMAL	NULL
55	item.attr2_name	属性２名	0	NORMAL	NULL
55	item.accepted_amount	在庫数量	0	NORMAL	NULL
70	code2	元伝票番号	0	NORMAL	NULL
70	shop_no	店舗コード	0	NORMAL	NULL
70	customer_name	届け先氏名	0	NORMAL	NULL
70	zip	郵便番号	0	NORMAL	NULL
70	pref	都道府県	0	NORMAL	NULL
70	address1	住所1	0	NORMAL	NULL
70	address2	住所2	0	NORMAL	NULL
70	telno	電話番号	0	NORMAL	NULL
70	customer_payment_method	運送便コード	0	NORMAL	NULL
70	customer_arrival_date	配送希望日	0	NORMAL	NULL
70	customer_arrival_time	運送時間帯コード	0	NORMAL	NULL
70	create_date	出荷予定日	0	NORMAL	NULL
70	customer_price_by_cod	小計	0	NORMAL	NULL
70	customer_tax_by_cod	消費税	0	NORMAL	NULL
70	customer_cost_by_cod	送料	0	NORMAL	NULL
70	customer_fee_by_cod	代引料	0	NORMAL	NULL
70	item.code1	商品コード	1	NORMAL	NULL
70	item.name	商品名	0	NORMAL	NULL
70	item.attr1_code	属性1コード	0	NORMAL	NULL
70	item.attr2_code	属性2コード	0	NORMAL	NULL
70	item.amount	数量	1	NORMAL	NULL
70	item.unit_price	単価	0	NORMAL	NULL
8	code1	品番	1	NORMAL	NULL
8	code2	元品番	0	NORMAL	NULL
8	name	品名	0	LENGTH	NULL
8	name2	品名2	0	NORMAL	
8	short_name	略称	0	NORMAL	NULL
8	department1_name	区分1名	0	NORMAL	NULL
8	department1_code	区分1コード	0	NORMAL	NULL
8	department2_name	区分2名	0	NORMAL	NULL
8	department2_code	区分2コード	0	NORMAL	NULL
8	department3_name	区分3名	0	NORMAL	NULL
8	department3_code	区分3コード	0	NORMAL	NULL
8	madein	原産国	0	NORMAL	NULL
8	supplier_code	仕入先コード	0	NORMAL	NULL
8	supplier_name	仕入先名	0	NORMAL	NULL
8	series	シリーズ	0	NORMAL	NULL
8	price1	標準原価	0	NORMAL	NULL
8	price2	仕入原価	0	NORMAL	NULL
8	price3	上代1	0	NORMAL	NULL
8	price4	上代2	0	NORMAL	NULL
8	category_code	カテゴリーコード	0	NORMAL	
8	category_name	カテゴリー名	0	NORMALL	
8	storage_method	保存方法	0	NORMAL	
8	default_location	初期ロケーション	0	NORMAL	NULL
8	allow_shipment_day	出荷可能期限	0	NORMALL	
8	note	備考	0	NORMAL	NULL
8	register_dt	登録日	0	DATE	yyyy/MM/dd
8	part1	素材1	0	NULL	NULL
8	composition1	混率1	0	NULL	NULL
8	part2	素材2	0	NULL	NULL
8	composition2	混率2	0	NULL	NULL
8	part3	素材3	0	NULL	NULL
8	composition3	混率3	0	NULL	NULL
8	part4	素材4	0	NULL	NULL
8	composition4	混率4	0	NULL	NULL
8	part5	素材5	0	NULL	NULL
8	composition5	混率5	0	NULL	NULL
8	part6	素材6	0	NULL	NULL
8	composition6	混率6	0	NULL	NULL
8	part7	素材7	0	NULL	NULL
8	composition7	混率7	0	NULL	NULL
9	code1	品番	0	NORMAL	NULL
9	code2	元品番	0	NORMAL	NULL
9	name	品名	0	LENGTH	NULL
9	name2	品名2	0	NORMAL	
9	short_name	略称	0	NORMAL	NULL
9	department1_name	区分1名	0	NORMAL	NULL
9	department1_code	区分1コード	0	NORMAL	NULL
9	department2_name	区分2名	0	NORMAL	NULL
9	department2_code	区分2コード	0	NORMAL	NULL
9	department3_name	区分3名	0	NORMAL	NULL
9	department3_code	区分3コード	0	NORMAL	NULL
9	madein	原産国	0	NORMAL	NULL
9	supplier_code	仕入先コード	0	NORMAL	NULL
9	supplier_name	仕入先名	0	NORMAL	NULL
9	series	シリーズ	0	NORMAL	NULL
9	price1	標準原価	0	NORMAL	NULL
9	price2	仕入原価	0	NORMAL	NULL
9	price3	上代1	0	NORMAL	NULL
9	price4	上代2	0	NORMAL	NULL
9	category_code	カテゴリーコード	0	NORMAL	
9	category_name	カテゴリー名	0	NORMAL	
9	storage_method	保存方法	0	NORMAL	
9	default_location	初期ロケーション	0	NORMAL	NULL
9	allow_shipment_day	出荷可能期限	0	NORMAL	
9	note	備考	0	NORMAL	NULL
9	register_dt	登録日	0	DATE	yyyy/MM/dd
9	part1	素材1	0	NULL	NULL
9	composition1	混率1	0	NULL	NULL
9	part2	素材2	0	NULL	NULL
9	composition2	混率2	0	NULL	NULL
9	part3	素材3	0	NULL	NULL
9	composition3	混率3	0	NULL	NULL
9	part4	素材4	0	NULL	NULL
9	composition4	混率4	0	NULL	NULL
9	part5	素材5	0	NULL	NULL
9	composition5	混率5	0	NULL	NULL
9	part6	素材6	0	NULL	NULL
9	composition6	混率6	0	NULL	NULL
9	part7	素材7	0	NULL	NULL
9	composition7	混率7	0	NULL	NULL
11	attribute1_code	属性１コード	0	NORMAL	NULL
11	attribute2_code	属性２コード	0	NORMAL	NULL
11	attribute1_name	属性１名	0	NORMAL	NULL
11	attribute2_name	属性２名	0	NORMAL	NULL
11	code1	SKUコード	0	NORMAL	NULL
11	name	品名	0	LENGTH	10
11	product_head_code	商品品番	0	NORMAL	NULL
11	code3	バーコード1	0	NORMAL	NULL
11	code4	バーコード2	0	NORMAL	NULL
11	code5	バーコード3	0	NORMAL	NULL
11	note	備考	0	NORMAL	NULL
11	register_dt	登録日	0	DATE	yyyy/MM/dd
8	attribute1_group	属性1グループ名	0	NULL	NULL
8	attribute2_group	属性2グループ名	0	NULL	NULL
50	code2	元伝票番号	0	NULL	NULL
50	item.lineno	明細行	0	NULL	NULL
50	supplier_code	仕入先コード	0	NULL	NULL
50	supplier_name	仕入先名	0	NULL	NULL
50	item.product_head_code	品番	1	NULL	NULL
50	item.attribute1_group	属性1グループ名	0	NULL	NULL
50	item.attribute2_group	属性2グループ名	0	NULL	NULL
50	item.attribute1_code	属性1コード	0	NULL	NULL
50	item.attribute1_name	属性1名	0	NULL	NULL
50	item.attribute2_code	属性2コード	0	NULL	NULL
50	item.attribute2_name	属性2名	0	NULL	NULL
50	item.code1	SKUコード	1	NULL	NULL
50	item.amount	数量	1	NULL	NULL
50	item.unit_price	単価	0	NULL	NULL
50	item.price	金額	0	NULL	NULL
50	note	入荷通信欄	0	NULL	NULL
50	item.note	明細備考	0	NULL	NULL
50	arrival_est_date	入荷予定日	1	NULL	NULL
50	item.code3	バーコード	0	NULL	NULL
50	warehouse_code	倉庫コード	0	NULL	NULL
50	item.name	品名	0	NULL	NULL
60	code2	元伝票番号	1	NULL	NULL
60	shop_no	店舗コード	0	NULL	NULL
60	customer_name	届け先氏名	0	NULL	NULL
60	zip	郵便番号	0	NULL	NULL
60	pref	都道府県	0	NULL	NULL
60	address1	住所1	0	NULL	NULL
60	address2	住所2	0	NULL	NULL
60	telno	電話番号	0	NULL	NULL
60	delivery_code	運送便コード	0	NULL	NULL
60	customer_arrival_date	配送希望日	0	NULL	NULL
60	customer_arrival_time	運送時間帯コード	0	NULL	NULL
60	create_date	出荷予定日	0	NULL	NULL
60	customer_price_by_cod	小計	0	NULL	NULL
60	customer_tax_by_cod	消費税	0	NULL	NULL
60	customer_cost_by_cod	送料	0	NULL	NULL
60	customer_fee_by_cod	代引料	0	NULL	NULL
60	item.code1	品番	0	NULL	NULL
60	item.name	商品名	0	NULL	NULL
60	item.attr1_code	属性1コード	0	NULL	NULL
60	item.attr2_code	属性2コード	0	NULL	NULL
60	item.amount	数量	1	NULL	NULL
60	item.unit_price	単価	0	NULL	NULL
60	note	出荷通信欄	0	NULL	NULL
50	item.price1	標準原価	0	NULL	NULL
50	item.price2	仕入原価	0	NULL	NULL
50	item.price3	上代1	0	NULL	NULL
50	item.price4	上代2	0	NULL	NULL
50	item.madein	原産国	0	NULL	NULL
50	item.storage_method	保存方法	0		1
55	item.name	商品名	NULL	NULL	NULL
55	item.supplier_unit_price	単価	0	NULL	NULL
55	item.supplier_total_price	金額	0	NULL	NULL
75	warehouse_name	倉庫	0	NULL	NULL
75	shipment_result_no	伝票番号	0	NULL	NULL
75	customer_b2_delivery_no	送り状番号	0	NULL	NULL
75	picking_no	ピッキング番号	0	NULL	NULL
75	inspection_no	出荷検品番号	0	NULL	NULL
75	shipment_type	出荷区分	0	NULL	NULL
75	shipment_est_date	出荷予定日	0	NULL	NULL
75	shipment_date	出荷日	0	NULL	NULL
75	customer_code	得意先	0	NULL	NULL
75	customer_label	得意先名	0	NULL	NULL
75	total_amount	合計数量	0	NULL	NULL
75	note	備考1	0	NULL	NULL
75	item.shipment_code1	伝票番号(出荷予定)	0	NULL	NULL
75	item.shipment_code2	元伝票番号	0	NULL	NULL
75	item.code1	品番	0	NULL	NULL
75	item.name	品名	0	NULL	NULL
75	item.expiration_date	賞味期限	0	NULL	NULL
75	item.amount	予定数量	0	NULL	NULL
75	item.reserved_amount	引当数量	0	NULL	NULL
75	item.picking_amount	ピッキング数量	0	NULL	NULL
75	item.inspection_amount	出荷検品数量	0	NULL	NULL
75	item.note	備考2	NULL	NULL	NULL
75	item.product_unit_price	上代単価	NULL	NULL	NULL
75	item.each_base_product_total_price	上代価格	NULL	NULL	NULL
75	item.unit_price	販売単価	NULL	NULL	NULL
75	item.each_product_total_price	販売価格	NULL	NULL	NULL
55	item.sku_code	SKUコード	0	NULL	NULL
55	item.code3	JANコード	0	NULL	NULL
56	code1	伝票番号	0		
56	code2	元伝票番号	0		
56	return_type	返品区分	0		
56	return_est_date	返品予定日	0		
56	return_date	受付日	0		
56	customer_name	得意先	0		
56	warehouse_name	倉庫	0		
56	total_amount	予定数量(合計)	0		
56	accepted_amount	受付数量(合計)	0		
56	note	備考1	0		
56	item.code1	品番	0		
56	item.name	品名	0		
56	item.expiration_date	賞味期限	0		
56	item.amount	予定数量	0		
56	item.accepted_amount	受付数量	0		
56	item.note	備考2	0		
59	code1	伝票番号	0	NULL	NULL
59	code2	元伝票番号	0	NULL	NULL
59	return_type	返品区分	0	NULL	NULL
59	return_est_date	返品予定日	0	NULL	NULL
59	return_date	受付日	0	NULL	NULL
59	customer_name	得意先	0	NULL	NULL
59	warehouse_name	倉庫	0	NULL	NULL
59	total_amount	予定数量(合計)	0	NULL	NULL
59	accepted_amount	受付数量(合計)	0	NULL	NULL
59	note	備考1	0	NULL	NULL
59	item.code1	品番	0	NULL	NULL
59	item.name	品名	0	NULL	NULL
59	item.expiration_date	賞味期限	0	NULL	NULL
59	item.amount	予定数量	0	NULL	NULL
59	item.accepted_amount	受付数量	0	NULL	NULL
59	item.note	備考2	0	NULL	NULL
59	item.product_unit_price	上代単価	0	NULL	NULL
59	item.each_base_product_total_price	上代価格	0	NULL	NULL
59	item.unit_price	販売単価	0	NULL	NULL
59	item.each_product_total_price	販売価格	0	NULL	NULL
56	return_est_date	" 返品予定日"	0	NULL	NULL
56	code2	元伝票番号	0	NULL	NULL
56	customer_id	得意先コード	0	NULL	NULL
56	item.code1	品番	0	NULL	NULL
56	item.name	品名	0	NULL	NULL
56	item.code3	バーコード	0	NULL	NULL
56	item.amount	予定数量	0	NULL	NULL
56	warehouse_id	倉庫コード	0	NULL	NULL
56	item.product_type	商品タイプ	0	NULL	NULL
56	item.product_unit_price	上代単価	0	NULL	NULL
56	item.unit_price	販売単価	0	NULL	NULL
60	order_no	注文番号	0	NULL	NULL
99	not_compatible	空白	0	NORMAL	NULL
99	not_compatible	空白	0	NORMAL	NULL
99	not_compatible	空白	0	NORMAL	NULL
99	not_compatible	空白	0	NORMAL	NULL
99	not_compatible	空白	0	NORMAL	NULL
99	not_compatible	空白	0	NORMAL	NULL
99	not_compatible	空白	0	NORMAL	NULL
99	not_compatible	空白	0	NORMAL	NULL
99	not_compatible	空白	0	NORMAL	NULL
99	not_compatible	空白	0	NORMAL	NULL
99	not_compatible	空白	0	NORMAL	NULL
99	not_compatible	空白	0	NORMAL	NULL
99	not_compatible	空白	0	NORMAL	NULL
99	not_compatible	空白	0	NORMAL	NULL
99	not_compatible	空白	0	NORMAL	NULL
99	not_compatible	空白	0	NORMAL	NULL
99	not_compatible	空白	0	NORMAL	NULL
99	not_compatible	空白	0	NORMAL	NULL
99	not_compatible	空白	0	NORMAL	NULL
99	not_compatible	空白	0	NORMAL	NULL
99	not_compatible	空白	0	NORMAL	NULL
99	not_compatible	空白	0	NORMAL	NULL
99	not_compatible	空白	0	NORMAL	NULL
99	not_compatible	空白	0	NORMAL	NULL
99	not_compatible	空白	0	NORMAL	NULL
99	not_compatible	空白	0	NORMAL	NULL
99	not_compatible	空白	0	NORMAL	NULL
99	not_compatible	空白	0	NORMAL	NULL
99	not_compatible	空白	0	NORMAL	NULL
99	not_compatible	空白	0	NORMAL	NULL
99	not_compatible	空白	0	NORMAL	NULL
99	not_compatible	空白	0	NORMAL	NULL
99	not_compatible	空白	0	NORMAL	NULL
99	not_compatible	空白	0	NORMAL	NULL
99	not_compatible	空白	0	NORMAL	NULL
99	not_compatible	空白	0	NORMAL	NULL
99	not_compatible	空白	0	NORMAL	NULL
99	not_compatible	空白	0	NORMAL	NULL
99	not_compatible	空白	0	NORMAL	NULL
99	not_compatible	空白	0	NORMAL	NULL
99	not_compatible	空白	0	NORMAL	NULL
99	not_compatible	空白	0	NORMAL	NULL
99	not_compatible	空白	0	NORMAL	NULL
99	not_compatible	空白	0	NORMAL	NULL
99	not_compatible	空白	0	NORMAL	NULL
99	not_compatible	空白	0	NORMAL	NULL
99	not_compatible	空白	0	NORMAL	NULL
99	not_compatible	空白	0	NORMAL	NULL
99	not_compatible	空白	0	NORMAL	NULL
99	not_compatible	空白	0	NORMAL	NULL
99	not_compatible	空白	0	NORMAL	NULL
99	not_compatible	空白	0	NORMAL	NULL
99	not_compatible	空白	0	NORMAL	NULL
99	not_compatible	空白	0	NORMAL	NULL
99	not_compatible	空白	0	NORMAL	NULL
99	not_compatible	空白	0	NORMAL	NULL
99	not_compatible	空白	0	NORMAL	NULL
99	not_compatible	空白	0	NORMAL	NULL
99	not_compatible	空白	0	NORMAL	NULL
99	not_compatible	空白	0	NORMAL	NULL
99	not_compatible	空白	0	NORMAL	NULL
99	not_compatible	空白	0	NORMAL	NULL
99	not_compatible	空白	0	NORMAL	NULL
99	not_compatible	空白	0	NORMAL	NULL
99	not_compatible	空白	0	NORMAL	NULL
99	not_compatible	空白	0	NORMAL	NULL
99	not_compatible	空白	0	NORMAL	NULL
99	not_compatible	空白	0	NORMAL	NULL
99	not_compatible	空白	0	NORMAL	NULL
99	not_compatible	空白	0	NORMAL	NULL
99	not_compatible	空白	0	NORMAL	NULL
99	not_compatible	空白	0	NORMAL	NULL
99	not_compatible	空白	0	NORMAL	NULL
99	not_compatible	空白	0	NORMAL	NULL
99	not_compatible	空白	0	NORMAL	NULL
99	not_compatible	空白	0	NORMAL	NULL
99	not_compatible	空白	0	NORMAL	NULL
99	not_compatible	空白	0	NORMAL	NULL
99	not_compatible	空白	0	NORMAL	NULL
99	not_compatible	空白	0	NORMAL	NULL
99	not_compatible	空白	0	NORMAL	NULL
99	not_compatible	空白	0	NORMAL	NULL
99	not_compatible	空白	0	NORMAL	NULL
99	not_compatible	空白	0	NORMAL	NULL
99	not_compatible	空白	0	NORMAL	NULL
99	not_compatible	空白	0	NORMAL	NULL
99	not_compatible	空白	0	NORMAL	NULL
99	not_compatible	空白	0	NORMAL	NULL
99	not_compatible	空白	0	NORMAL	NULL
99	not_compatible	空白	0	NORMAL	NULL
99	not_compatible	空白	0	NORMAL	NULL
99	not_compatible	空白	0	NORMAL	NULL
99	not_compatible	空白	0	NORMAL	NULL
99	not_compatible	空白	0	NORMAL	NULL
99	not_compatible	空白	0	NORMAL	NULL
99	not_compatible	空白	0	NORMAL	NULL
99	not_compatible	空白	0	NORMAL	NULL
99	not_compatible	空白	0	NORMAL	NULL
99	not_compatible	空白	0	NORMAL	NULL
99	not_compatible	空白	0	NORMAL	NULL
99	not_compatible	空白	0	NORMAL	NULL
99	not_compatible	空白	0	NORMAL	NULL
99	not_compatible	空白	0	NORMAL	NULL
99	not_compatible	空白	0	NORMAL	NULL
99	not_compatible	空白	0	NORMAL	NULL
99	not_compatible	空白	0	NORMAL	NULL
99	not_compatible	空白	0	NORMAL	NULL
99	not_compatible	空白	0	NORMAL	NULL
99	not_compatible	空白	0	NORMAL	NULL
99	not_compatible	空白	0	NORMAL	NULL
99	not_compatible	空白	0	NORMAL	NULL
99	not_compatible	空白	0	NORMAL	NULL
99	not_compatible	空白	0	NORMAL	NULL
99	not_compatible	空白	0	NORMAL	NULL
99	not_compatible	空白	0	NORMAL	NULL
99	not_compatible	空白	0	NORMAL	NULL
99	not_compatible	空白	0	NORMAL	NULL
99	not_compatible	空白	0	NORMAL	NULL
99	not_compatible	空白	0	NORMAL	NULL
99	not_compatible	空白	0	NORMAL	NULL
99	not_compatible	空白	0	NORMAL	NULL
99	not_compatible	空白	0	NORMAL	NULL
99	not_compatible	空白	0	NORMAL	NULL
99	not_compatible	空白	0	NORMAL	NULL
99	not_compatible	空白	0	NORMAL	NULL
99	not_compatible	空白	0	NORMAL	NULL
99	not_compatible	空白	0	NORMAL	NULL
99	not_compatible	空白	0	NORMAL	NULL
99	not_compatible	空白	0	NORMAL	NULL
99	not_compatible	空白	0	NORMAL	NULL
99	not_compatible	空白	0	NORMAL	NULL
99	not_compatible	空白	0	NORMAL	NULL
99	not_compatible	空白	0	NORMAL	NULL
99	not_compatible	空白	0	NORMAL	NULL
99	not_compatible	空白	0	NORMAL	NULL
99	not_compatible	空白	0	NORMAL	NULL
99	not_compatible	空白	0	NORMAL	NULL
99	not_compatible	空白	0	NORMAL	NULL
99	not_compatible	空白	0	NORMAL	NULL
99	not_compatible	空白	0	NORMAL	NULL
99	not_compatible	空白	0	NORMAL	NULL
60	item.sku_code	SKUコード	0	NULL	NULL
60	order_date	注文指定日	0	NULL	NULL
60	item.each_product_total_price	金額	0	NULL	NULL
60	all_total_price	合計	0	NULL	NULL
52	owner_code	荷主コード	0	NULL	NULL
52	department1_name	区分1名	0	NULL	NULL
52	department2_name	区分2名	0	NULL	NULL
52	department3_name	区分3名	0	NULL	NULL
52	product_code1	品番	0	NULL	NULL
52	product_code2	元品番	0	NULL	NULL
52	attribute1_code	属性1コード	0	NULL	NULL
52	attribute1_name	属性1名	0	NULL	NULL
52	attribute2_code	属性2コード	0	NULL	NULL
52	attribute2_name	属性2名	0	NULL	NULL
52	product_unit_price	上代	0	NULL	NULL
52	barcode	バーコード	0	NULL	NULL
52	supplier_code	仕入先コード	0	NULL	NULL
52	madein	原産国	0	NULL	NULL
52	amount	数量	0	NULL	NULL
52	part1	素材1	0	NULL	NULL
52	composition1	混率1	0	NULL	NULL
52	part2	素材2	0	NULL	NULL
52	composition2	混率2	0	NULL	NULL
52	part3	素材3	0	NULL	NULL
52	composition3	混率3	0	NULL	NULL
52	part4	素材4	0	NULL	NULL
52	composition4	混率4	0	NULL	NULL
52	part5	素材5	0	NULL	NULL
52	composition5	混率5	0	NULL	NULL
52	part6	素材6	0	NULL	NULL
52	composition6	混率6	0	NULL	NULL
52	part7	素材7	0	NULL	NULL
52	composition7	混率7	0	NULL	NULL
52	code1	伝票番号	0	NULL	NULL
52	code2	元伝票番号	0	NULL	NULL
52	product_name	商品名	0	NULL	NULL
52	product_short_name	商品名(略称)	0	NULL	NULL
85	move_no	元伝票番号	0	NULL	NULL
85	move_type	移動区分	0	NULL	NULL
85	register_dt	登録日	0	NULL	NULL
85	done_dt	完了日	0	NULL	NULL
85	location	移動元ロケ	0	NULL	NULL
85	dest_location	移動先ロケ	0	NULL	NULL
85	status	状態	0	NULL	NULL
85	note	備考	0	NULL	NULL
85	warehouse	倉庫	0	NULL	NULL
85	product_name	品名	0	NULL	NULL
85	product_code	品番	0	NULL	NULL
85	stock_type	在庫タイプ	0	NULL	NULL
85	supplier_price1	標準原価	0	NULL	NULL
85	amount	数量	0	NULL	NULL
60	shipment_note	配送備考欄	0	NULL	NULL
85	supplier_price2	仕入原価	0	NULL	NULL
8	product_head_barcode	バーコード	0	NULL	NULL
8	can_barcode_print	ラベル印刷有り	0	NULL	NULL
82	warehouse_code	倉庫コード	0	NULL	NULL
82	warehouse_name	倉庫名	0	NULL	NULL
82	location	ロケーション	0	NULL	NULL
82	product_head_code	品番	0	NULL	NULL
82	code1	品番	0	NULL	NULL
82	attribute1_code	属性1コード	0	NULL	NULL
82	attribute2_code	属性2コード	0	NULL	NULL
82	name	品名	0	NULL	NULL
82	short_name	略称	0	NULL	NULL
82	supplier_id	仕入先	0	NULL	NULL
82	stock_type	在庫タイプ	0	NULL	NULL
82	storage_method	保管方法	0		
82	expiration_date	賞味期限	0		
82	amount	有効在庫数量	0	NULL	NULL
82	reserved_amount	出荷待ち数量	0	NULL	NULL
8	region1	部位1	0	NULL	NULL
8	region2	部位2	0	NULL	NULL
8	region3	部位3	0	NULL	NULL
8	region4	部位4	0	NULL	NULL
8	region5	部位5	0	NULL	NULL
8	region6	部位6	0	NULL	NULL
8	region7	部位7	0	NULL	NULL
8	region8	部位8	0	NULL	NULL
8	region9	部位9	0	NULL	NULL
8	region10	部位10	0	NULL	NULL
8	region11	部位11	0	NULL	NULL
8	region12	部位12	0	NULL	NULL
8	region13	部位13	0	NULL	NULL
8	region14	部位14	0	NULL	NULL
8	region15	部位15	0	NULL	NULL
8	region16	部位16	0	NULL	NULL
8	part8	素材8	0	NULL	NULL
8	composition8	混率8	0	NULL	NULL
8	part9	素材9	0	NULL	NULL
8	composition9	混率9	0	NULL	NULL
8	part10	素材10	0	NULL	NULL
8	composition10	混率10	0	NULL	NULL
8	part11	素材11	0	NULL	NULL
8	composition11	混率11	0	NULL	NULL
8	part12	素材12	0	NULL	NULL
8	composition12	混率12	0	NULL	NULL
8	part13	素材13	0	NULL	NULL
8	composition13	混率13	0	NULL	NULL
8	part14	素材14	0	NULL	NULL
8	composition14	混率14	0	NULL	NULL
8	part15	素材15	0	NULL	NULL
8	composition15	混率15	0	NULL	NULL
8	part16	素材16	0	NULL	NULL
8	composition16	混率16	0	NULL	NULL
9	region1	部位1	0	NULL	NULL
9	region2	部位2	0	NULL	NULL
9	region3	部位3	0	NULL	NULL
9	region4	部位4	0	NULL	NULL
9	region5	部位5	0	NULL	NULL
9	region6	部位6	0	NULL	NULL
9	region7	部位7	0	NULL	NULL
9	region8	部位8	0	NULL	NULL
9	region9	部位9	0	NULL	NULL
9	region10	部位10	0	NULL	NULL
9	region11	部位11	0	NULL	NULL
9	region12	部位12	0	NULL	NULL
9	region13	部位13	0	NULL	NULL
9	region14	部位14	0	NULL	NULL
9	region15	部位15	0	NULL	NULL
9	region16	部位16	0	NULL	NULL
9	part8	素材8	0	NULL	NULL
9	composition8	混率8	0	NULL	NULL
9	part9	素材9	0	NULL	NULL
9	composition9	混率9	0	NULL	NULL
9	part10	素材10	0	NULL	NULL
9	composition10	混率10	0	NULL	NULL
9	part11	素材11	0	NULL	NULL
9	composition11	混率11	0	NULL	NULL
9	part12	素材12	0	NULL	NULL
9	composition12	混率12	0	NULL	NULL
9	part13	素材13	0	NULL	NULL
9	composition13	混率13	0	NULL	NULL
9	part14	素材14	0	NULL	NULL
9	composition14	混率14	0	NULL	NULL
9	part15	素材15	0	NULL	NULL
9	composition15	混率15	0	NULL	NULL
9	part16	素材16	0	NULL	NULL
9	composition16	混率16	0	NULL	NULL
52	region1	部位1	0	NULL	NULL
52	region2	部位2	0	NULL	NULL
52	region3	部位3	0	NULL	NULL
52	region4	部位4	0	NULL	NULL
52	region5	部位5	0	NULL	NULL
52	region6	部位6	0	NULL	NULL
52	region7	部位7	0	NULL	NULL
52	region8	部位8	0	NULL	NULL
52	region9	部位9	0	NULL	NULL
52	region10	部位10	0	NULL	NULL
52	region11	部位11	0	NULL	NULL
52	region12	部位12	0	NULL	NULL
52	region13	部位13	0	NULL	NULL
52	region14	部位14	0	NULL	NULL
52	region15	部位15	0	NULL	NULL
52	region16	部位16	0	NULL	NULL
52	part8	素材8	0	NULL	NULL
52	composition8	混率8	0	NULL	NULL
52	part9	素材9	0	NULL	NULL
52	composition9	混率9	0	NULL	NULL
52	part10	素材10	0	NULL	NULL
52	composition10	混率10	0	NULL	NULL
52	part11	素材11	0	NULL	NULL
52	composition11	混率11	0	NULL	NULL
52	part12	素材12	0	NULL	NULL
52	composition12	混率12	0	NULL	NULL
52	part13	素材13	0	NULL	NULL
52	composition13	混率13	0	NULL	NULL
52	part14	素材14	0	NULL	NULL
52	composition14	混率14	0	NULL	NULL
52	part15	素材15	0	NULL	NULL
52	composition15	混率15	0	NULL	NULL
52	part16	素材16	0	NULL	NULL
52	composition16	混率16	0	NULL	NULL
82	price1	標準原価	0	NORMAL	NULL
82	price2	仕入原価	0	NORMAL	NULL
82	price3	上代1	0	NORMAL	NULL
82	price4	上代2	0	NORMAL	NULL
83	update_type	区分	0	NULL	NULL
83	product_head_code	品番	0	NULL	NULL
83	code1	品番	0	NULL	NULL
83	attribute1_code	属性1コード	0	NULL	NULL
83	attribute2_code	属性2コード	0	NULL	NULL
83	price1	標準原価	0	NORMAL	NULL
83	price2	仕入原価	0	NORMAL	NULL
83	price3	上代1	0	NORMAL	NULL
83	price4	上代2	0	NORMAL	NULL
83	name	品名	0	NULL	NULL
83	supplier_id	仕入先	0	NULL	NULL
83	amount	有効在庫数量	0	NULL	NULL
83	reserved_amount	出荷待ち数量	0	NULL	NULL
10	can_barcode_print	ラベル印刷有り	0	NULL	NULL
82	department1_id	区分1名	0	NORMAL	NULL
82	department2_id	区分2名	0	NORMAL	NULL
82	department3_id	区分3名	0	NORMAL	NULL
83	department1_id	区分1名	0	NORMAL	NULL
83	department2_id	区分2名	0	NORMAL	NULL
83	department3_id	区分3名	0	NORMAL	NULL
82	series	シリーズ	0	NORMAL	NULL
83	series	シリーズ	0	NORMAL	NULL
60	order_person_name	注文者氏名	0	NORMAL	NULL
60	order_zip	注文者郵便番号	0	NORMAL	NULL
60	order_pref	注文者都道府県	0	NORMAL	NULL
60	order_address1	注文者住所1	0	NORMAL	NULL
60	order_address2	注文者住所2	0	NORMAL	NULL
60	order_telno	注文者電話番号	0	NORMAL	NULL
61	code2	元伝票番号	1	NULL	NULL
61	shop_no	店舗コード	0	NULL	NULL
61	customer_name	届け先氏名	0	NULL	NULL
61	zip	郵便番号	0	NULL	NULL
61	pref	都道府県	0	NULL	NULL
61	address1	住所1	0	NULL	NULL
61	address2	住所2	0	NULL	NULL
61	telno	電話番号	0	NULL	NULL
61	delivery_code	運送便コード	0	NULL	NULL
61	customer_arrival_date	配送希望日	0	NULL	NULL
61	customer_arrival_time	運送時間帯コード	0	NULL	NULL
61	create_date	出荷予定日	0	NULL	NULL
61	customer_price_by_cod	小計	0	NULL	NULL
61	customer_tax_by_cod	消費税	0	NULL	NULL
61	customer_cost_by_cod	送料	0	NULL	NULL
61	customer_fee_by_cod	代引料	0	NULL	NULL
61	item.code1	品番	0	NULL	NULL
61	item.name	商品名	0	NULL	NULL
61	item.attr1_code	属性1コード	0	NULL	NULL
61	item.attr2_code	属性2コード	0	NULL	NULL
61	item.amount	数量	1	NULL	NULL
61	item.unit_price	単価	0	NULL	NULL
61	note	出荷通信欄	0	NULL	NULL
61	order_no	注文番号	0	NULL	NULL
61	item.sku_code	SKUコード	0	NULL	NULL
61	order_date	注文指定日	0	NULL	NULL
61	item.each_product_total_price	金額	0	NULL	NULL
61	all_total_price	合計	0	NULL	NULL
61	shipment_note	配送備考欄	0	NULL	NULL
61	order_person_name	注文者氏名	0	NORMAL	NULL
61	order_zip	注文者郵便番号	0	NORMAL	NULL
61	order_pref	注文者都道府県	0	NORMAL	NULL
61	order_address1	注文者住所1	0	NORMAL	NULL
61	order_address2	注文者住所2	0	NORMAL	NULL
61	order_telno	注文者電話番号	0	NORMAL	NULL
62	code2	元伝票番号	1	NULL	NULL
62	shop_no	店舗コード	0	NULL	NULL
62	customer_name	届け先氏名	0	NULL	NULL
62	zip	郵便番号	0	NULL	NULL
62	pref	都道府県	0	NULL	NULL
62	address1	住所1	0	NULL	NULL
62	address2	住所2	0	NULL	NULL
62	telno	電話番号	0	NULL	NULL
62	delivery_code	運送便コード	0	NULL	NULL
62	customer_arrival_date	配送希望日	0	NULL	NULL
62	customer_arrival_time	運送時間帯コード	0	NULL	NULL
62	create_date	出荷予定日	0	NULL	NULL
62	customer_price_by_cod	小計	0	NULL	NULL
62	customer_tax_by_cod	消費税	0	NULL	NULL
62	customer_cost_by_cod	送料	0	NULL	NULL
62	customer_fee_by_cod	代引料	0	NULL	NULL
62	item.code1	品番	0	NULL	NULL
62	item.name	商品名	0	NULL	NULL
62	item.attr1_code	属性1コード	0	NULL	NULL
62	item.attr2_code	属性2コード	0	NULL	NULL
62	item.amount	数量	1	NULL	NULL
62	item.unit_price	単価	0	NULL	NULL
62	note	出荷通信欄	0	NULL	NULL
62	order_no	注文番号	0	NULL	NULL
62	item.sku_code	SKUコード	0	NULL	NULL
62	order_date	注文指定日	0	NULL	NULL
62	item.each_product_total_price	金額	0	NULL	NULL
62	all_total_price	合計	0	NULL	NULL
62	shipment_note	配送備考欄	0	NULL	NULL
62	order_person_name	注文者氏名	0	NORMAL	NULL
62	order_zip	注文者郵便番号	0	NORMAL	NULL
62	order_pref	注文者都道府県	0	NORMAL	NULL
62	order_address1	注文者住所1	0	NORMAL	NULL
62	order_address2	注文者住所2	0	NORMAL	NULL
62	order_telno	注文者電話番号	0	NORMAL	NULL
63	code2	元伝票番号	1	NULL	NULL
63	shop_no	店舗コード	0	NULL	NULL
63	customer_name	届け先氏名	0	NULL	NULL
63	zip	郵便番号	0	NULL	NULL
63	pref	都道府県	0	NULL	NULL
63	address1	住所1	0	NULL	NULL
63	address2	住所2	0	NULL	NULL
63	telno	電話番号	0	NULL	NULL
63	delivery_code	運送便コード	0	NULL	NULL
63	customer_arrival_date	配送希望日	0	NULL	NULL
63	customer_arrival_time	運送時間帯コード	0	NULL	NULL
63	create_date	出荷予定日	0	NULL	NULL
63	customer_price_by_cod	小計	0	NULL	NULL
63	customer_tax_by_cod	消費税	0	NULL	NULL
63	customer_cost_by_cod	送料	0	NULL	NULL
63	customer_fee_by_cod	代引料	0	NULL	NULL
63	item.code1	品番	0	NULL	NULL
63	item.name	商品名	0	NULL	NULL
63	item.attr1_code	属性1コード	0	NULL	NULL
63	item.attr2_code	属性2コード	0	NULL	NULL
63	item.amount	数量	1	NULL	NULL
63	item.unit_price	単価	0	NULL	NULL
63	note	出荷通信欄	0	NULL	NULL
63	order_no	注文番号	0	NULL	NULL
63	item.sku_code	SKUコード	0	NULL	NULL
63	order_date	注文指定日	0	NULL	NULL
63	item.each_product_total_price	金額	0	NULL	NULL
63	all_total_price	合計	0	NULL	NULL
63	shipment_note	配送備考欄	0	NULL	NULL
63	order_person_name	注文者氏名	0	NORMAL	NULL
63	order_zip	注文者郵便番号	0	NORMAL	NULL
63	order_pref	注文者都道府県	0	NORMAL	NULL
63	order_address1	注文者住所1	0	NORMAL	NULL
63	order_address2	注文者住所2	0	NORMAL	NULL
63	order_telno	注文者電話番号	0	NORMAL	NULL
64	code2	元伝票番号	1	NULL	NULL
64	shop_no	店舗コード	0	NULL	NULL
64	customer_name	届け先氏名	0	NULL	NULL
64	zip	郵便番号	0	NULL	NULL
64	pref	都道府県	0	NULL	NULL
64	address1	住所1	0	NULL	NULL
64	address2	住所2	0	NULL	NULL
64	telno	電話番号	0	NULL	NULL
64	delivery_code	運送便コード	0	NULL	NULL
64	customer_arrival_date	配送希望日	0	NULL	NULL
64	customer_arrival_time	運送時間帯コード	0	NULL	NULL
64	create_date	出荷予定日	0	NULL	NULL
64	customer_price_by_cod	小計	0	NULL	NULL
64	customer_tax_by_cod	消費税	0	NULL	NULL
64	customer_cost_by_cod	送料	0	NULL	NULL
64	customer_fee_by_cod	代引料	0	NULL	NULL
64	item.code1	品番	0	NULL	NULL
64	item.name	商品名	0	NULL	NULL
64	item.attr1_code	属性1コード	0	NULL	NULL
64	item.attr2_code	属性2コード	0	NULL	NULL
64	item.amount	数量	1	NULL	NULL
64	item.unit_price	単価	0	NULL	NULL
64	note	出荷通信欄	0	NULL	NULL
64	order_no	注文番号	0	NULL	NULL
64	item.sku_code	SKUコード	0	NULL	NULL
64	order_date	注文指定日	0	NULL	NULL
64	item.each_product_total_price	金額	0	NULL	NULL
64	all_total_price	合計	0	NULL	NULL
64	shipment_note	配送備考欄	0	NULL	NULL
64	order_person_name	注文者氏名	0	NORMAL	NULL
64	order_zip	注文者郵便番号	0	NORMAL	NULL
64	order_pref	注文者都道府県	0	NORMAL	NULL
64	order_address1	注文者住所1	0	NORMAL	NULL
64	order_address2	注文者住所2	0	NORMAL	NULL
64	order_telno	注文者電話番号	0	NORMAL	NULL
61	customer_code	得意先コード	0	NORMAL	NULL
40	code	得意先コード	0	NORMAL	NULL
40	company_name	得意先・会社名1	0	NORMAL	NULL
40	department_name	得意先・会社名2	0	NORMAL	NULL
40	name	得意先名	0	NORMAL	NULL
40	name_kana	得意先名(カナ)	0	NORMAL	NULL
40	short_name	略称	0	NORMAL	NULL
40	zip	郵便番号	0	NORMAL	NULL
40	address1	住所1	0	NORMAL	NULL
40	address2	住所2	0	NORMAL	NULL
40	telno	電話番号	0	NORMAL	NULL
40	faxno	FAX番号	0	NORMAL	NULL
40	product_price_rate	掛率	0	NORMAL	NULL
40	inventory_target_location_pattern	引当対象ロケ	0	NORMAL	NULL
40	can_target_no_location_stock	ロケ無し商品	0	NORMAL	NULL
40	note	備考	0	NORMAL	NULL
41	code	得意先コード	0	NORMAL	NULL
41	company_name	得意先・会社名1	0	NORMAL	NULL
41	department_name	得意先・会社名2	0	NORMAL	NULL
41	name	得意先名	0	NORMAL	NULL
41	name_kana	得意先名(カナ)	0	NORMAL	NULL
41	short_name	略称	0	NORMAL	NULL
41	zip	郵便番号	0	NORMAL	NULL
41	address1	住所1	0	NORMAL	NULL
41	address2	住所2	0	NORMAL	NULL
41	telno	電話番号	0	NORMAL	NULL
41	faxno	FAX番号	0	NORMAL	NULL
41	product_price_rate	掛率	0	NORMAL	NULL
41	inventory_target_location_pattern	引当対象ロケ	0	NORMAL	NULL
41	can_target_no_location_stock	ロケ無し商品	0	NORMAL	NULL
41	note	備考	0	NORMAL	NULL
45	code	仕入先コード	0	NORMAL	NULL
45	name	仕入先名	0	NORMAL	NULL
45	name_kana	仕入先名(カナ)	0	NORMAL	NULL
45	short_name	仕入先略称	0	NORMAL	NULL
45	zip	郵便番号	0	NORMAL	NULL
45	address1	住所1	0	NORMAL	NULL
45	address2	住所2	0	NORMAL	NULL
45	telno	電話番号	0	NORMAL	NULL
45	faxno	FAX番号	0	NORMAL	NULL
45	staff_name	担当者名	0	NORMAL	NULL
45	staff_name_kana	担当者名(カナ)	0	NORMAL	NULL
45	note	備考	0	NORMAL	NULL
46	code	仕入先コード	0	NORMAL	NULL
46	name	仕入先名	0	NORMAL	NULL
46	name_kana	仕入先名(カナ)	0	NORMAL	NULL
46	short_name	仕入先略称	0	NORMAL	NULL
46	zip	郵便番号	0	NORMAL	NULL
46	address1	住所1	0	NORMAL	NULL
46	address2	住所2	0	NORMAL	NULL
46	telno	電話番号	0	NORMAL	NULL
46	faxno	FAX番号	0	NORMAL	NULL
46	staff_name	担当者名	0	NORMAL	NULL
46	staff_name_kana	担当者名(カナ)	0	NORMAL	NULL
46	note	備考	0	NORMAL	NULL
60	customer_charge1_by_cod	手数料1	0	NULL	NULL
60	customer_charge2_by_cod	手数料2	0	NULL	NULL
60	customer_coupon_by_cod	利用クーポン	0	NULL	NULL
60	customer_point_by_cod	利用ポイント	0	NULL	NULL
61	customer_charge1_by_cod	手数料1	0	NULL	NULL
61	customer_charge2_by_cod	手数料2	0	NULL	NULL
61	customer_coupon_by_cod	利用クーポン	0	NULL	NULL
61	customer_point_by_cod	利用ポイント	0	NULL	NULL
62	customer_charge1_by_cod	手数料1	0	NULL	NULL
62	customer_charge2_by_cod	手数料2	0	NULL	NULL
62	customer_coupon_by_cod	利用クーポン	0	NULL	NULL
62	customer_point_by_cod	利用ポイント	0	NULL	NULL
63	customer_charge1_by_cod	手数料1	0	NULL	NULL
63	customer_charge2_by_cod	手数料2	0	NULL	NULL
63	customer_coupon_by_cod	利用クーポン	0	NULL	NULL
63	customer_point_by_cod	利用ポイント	0	NULL	NULL
64	customer_charge1_by_cod	手数料1	0	NULL	NULL
64	customer_charge2_by_cod	手数料2	0	NULL	NULL
64	customer_coupon_by_cod	利用クーポン	0	NULL	NULL
64	customer_point_by_cod	利用ポイント	0	NULL	NULL
60	word_memo	一言メモ	0	NULL	NULL
60	comments	コメント	0	NULL	NULL
61	word_memo	一言メモ	0	NULL	NULL
61	comments	コメント	0	NULL	NULL
62	word_memo	一言メモ	0	NULL	NULL
62	comments	コメント	0	NULL	NULL
63	word_memo	一言メモ	0	NULL	NULL
63	comments	コメント	0	NULL	NULL
64	word_memo	一言メモ	0	NULL	NULL
64	comments	コメント	0	NULL	NULL
90	warehouse_name	倉庫	0	NULL	NULL
90	picking_no	ピッキング番号	0	NULL	NULL
90	shipment_est_date	出荷予定日	0	NULL	NULL
90	customer_name	得意先	0	NULL	NULL
90	reserved_amount	引当数量(合計)	0	NULL	NULL
90	picking_amount	ピッキング数量(合計)	0	NULL	NULL
90	note	伝票備考	0	NULL	NULL
90	shipment_code2	元伝票番号	0	NULL	NULL
90	order_no	注文番号	0	NULL	NULL
90	item.reserved_count	引当回数	0	NULL	NULL
90	item.register_dt	引当日	0	NULL	NULL
90	item.code1	品番	0	NULL	NULL
90	item.name	品名	0	NULL	NULL
90	item.reserved_amount	引当数量	0	NULL	NULL
90	item.picking_amount	ピッキング数量	0	NULL	NULL
90	item.note	明細備考	0	NULL	NULL
90	item.location	ロケーション	0	NULL	NULL
40	has_hybrid_invoice	ハイブリッド納品書出力	0	NULL	NULL
41	has_hybrid_invoice	ハイブリッド納品書出力	0	NULL	NULL
11	price1	標準原価	0	NORMAL	NULL
11	price2	仕入原価	0	NORMAL	NULL
11	price3	上代1	0	NORMAL	NULL
11	price4	上代2	0	NORMAL	NULL
9	code3	バーコード	0	NORMAL	NULL
82	code3	バーコード	0	NORMAL	NULL
83	code3	バーコード	0	NORMAL	NULL
90	item.code3	バーコード	0		
50	item.department1_code	区分1コード	0	NULL	NULL
50	item.department1_name	区分1名	0	NULL	NULL
50	item.department2_code	区分2コード	0	NULL	NULL
50	item.department2_name	区分2名	0	NULL	NULL
50	item.department3_code	区分3コード	0	NULL	NULL
50	item.department3_name	区分3名	0	NULL	NULL
50	item.note2	商品マスタ備考	0	NULL	NULL
50	item.product_serial	シリアルNo	0	NULL	NULL
51	accepted_amount	実績数量(合計)	0	NULL	NULL
51	amount	予定数量(合計)	0	NULL	NULL
51	arrival_date	受付日	0	NULL	NULL
51	arrival_est_date	入荷予定日	0	NULL	NULL
51	arrival_type	入荷区分	0	NULL	NULL
51	code1	入荷伝票番号	0	NULL	NULL
51	code2	元伝票番号	0	NULL	NULL
51	item.accepted_amount	実績数量	0	NULL	NULL
51	item.amount	予定数量	0	NULL	NULL
51	item.code1	品番	0	NULL	NULL
51	item.code3	バーコード	0	NULL	NULL
51	item.code4	バーコード2	0	NULL	NULL
51	item.code5	バーコード3	0	NULL	NULL
51	item.name	品名	0	NULL	NULL
51	item.note	明細備考	0	NULL	NULL
51	item.product_serial	在庫管理番号	0	NULL	NULL
51	note	備考	0	NULL	NULL
51	supplier_name	仕入先	0	NULL	NULL
51	warehouse_code	倉庫コード	0	NULL	NULL
51	warehouse_name	倉庫名	0	NULL	NULL
52	code4	バーコード2	0	NULL	NULL
52	code5	バーコード3	0	NULL	NULL
54	accepted_amount	受付数量(合計)	0	NULL	NULL
54	arrival_date	入荷日	0	NULL	NULL
54	arrival_est_date	入荷予定日	0	NULL	NULL
54	code1	伝票番号(予定)	0	NULL	NULL
54	code2	元伝票番号	0	NULL	NULL
54	inspection_date	検品日	0	NULL	NULL
54	inspection_no	入荷検品番号	0	NULL	NULL
54	item.accepted_amount	受付数	0	NULL	NULL
54	item.amount	予定数量	0	NULL	NULL
54	item.attribute1_code	属性1コード	0	NULL	NULL
54	item.attribute1_group	属性1グループ名	0	NULL	NULL
54	item.attribute1_name	属性1名	0	NULL	NULL
54	item.attribute2_code	属性2コード	0	NULL	NULL
54	item.attribute2_group	属性2グループ名	0	NULL	NULL
54	item.attribute2_name	属性2名	0	NULL	NULL
54	item.code1	品番	0	NULL	NULL
54	item.code3	バーコード	0	NULL	NULL
54	item.department1_code	区分1コード	0	NULL	NULL
54	item.department1_name	区分1名	0	NULL	NULL
54	item.department2_code	区分2コード	0	NULL	NULL
54	item.department2_name	区分2名	0	NULL	NULL
54	item.department3_code	区分3コード	0	NULL	NULL
54	item.department3_name	区分3名	0	NULL	NULL
54	item.diff_amount	差数	0	NULL	NULL
54	item.lineno	明細行	0	NULL	NULL
54	item.location	ロケーション	0	NULL	NULL
54	item.name	品名	0	NULL	NULL
54	item.note	明細備考	0	NULL	NULL
54	item.product_serial	シリアルNo	0	NULL	NULL
54	item.product_head_code	品番	0	NULL	NULL
54	item.supplier_total_price	仕入金額	0	NULL	NULL
54	item.supplier_unit_price	仕入単価	0	NULL	NULL
54	note	入荷通信欄	0	NULL	NULL
54	supplier_code	仕入先コード	0	NULL	NULL
54	supplier_name	仕入先名	0	NULL	NULL
54	total_amount	予定数量(合計)	0	NULL	NULL
54	warehouse_code	倉庫コード	0	NULL	NULL
54	warehouse_name	倉庫名	0	NULL	NULL
60	item.product_serial	シリアルNo	0	NULL	NULL
60	warehouse_code	倉庫コード	0	NULL	NULL
61	item.product_serial	シリアルNo	0	NULL	NULL
61	warehouse_code	倉庫コード	0	NULL	NULL
62	item.product_serial	シリアルNo	0	NULL	NULL
62	warehouse_code	倉庫コード	0	NULL	NULL
63	item.product_serial	シリアルNo	0	NULL	NULL
63	warehouse_code	倉庫コード	0	NULL	NULL
64	item.product_serial	シリアルNo	0	NULL	NULL
64	warehouse_code	倉庫コード	0	NULL	NULL
65	address	住所1	0	NULL	NULL
65	address2	住所2	0	NULL	NULL
65	all_total_price	合計	0	NULL	NULL
65	client_address1	送り主住所1	0	NULL	NULL
65	client_address2	送り主住所2	0	NULL	NULL
65	client_charge_person	送り主氏名2	0	NULL	NULL
65	client_name	送り主氏名1	0	NULL	NULL
65	client_telno	送り主電話番号	0	NULL	NULL
65	client_zip	送り主郵便番号	0	NULL	NULL
65	code2	元伝票番号	1	NULL	NULL
65	comments	コメント	0	NULL	NULL
65	company_name	届け先氏名1	0	NULL	NULL
65	customer_arrival_date	配送希望日	0	NULL	NULL
65	customer_arrival_time	運送時間帯コード	0	NULL	NULL
65	customer_charge1_by_cod	手数料1	0	NULL	NULL
65	customer_charge2_by_cod	手数料2	0	NULL	NULL
65	customer_cost_by_cod	送料	0	NULL	NULL
65	customer_coupon_by_cod	利用クーポン	0	NULL	NULL
65	customer_fee_by_cod	代引料	0	NULL	NULL
65	customer_name	届け先氏名2	0	NULL	NULL
65	customer_point_by_cod	利用ポイント	0	NULL	NULL
65	customer_price_by_cod	小計	0	NULL	NULL
65	customer_tax_by_cod	消費税	0	NULL	NULL
65	delivery_code	運送便コード	0	NULL	NULL
65	delivery_name	配送便名	0	NULL	NULL
65	delivery_no	送り状番号	0	NULL	NULL
65	email	メールアドレス	0	NULL	NULL
65	item.amount	予定数	0	NULL	NULL
65	item.attr1_code	属性1コード	0	NULL	NULL
65	item.attr2_code	属性2コード	0	NULL	NULL
65	item.code1	品番	0	NULL	NULL
65	item.code3	バーコード	0	NULL	NULL
65	item.code4	バーコード2	0	NULL	NULL
65	item.code5	バーコード3	0	NULL	NULL
65	item.each_product_total_price	金額	0	NULL	NULL
65	item.name	商品名	0	NULL	NULL
65	item.sku_code	SKUコード	0	NULL	NULL
65	item.unit_price	単価	0	NULL	NULL
65	note	備考	0	NULL	NULL
65	order_address1	注文者住所1	0	NULL	NULL
65	order_address2	注文者住所2	0	NULL	NULL
65	order_date	注文指定日	0	NULL	NULL
65	order_no	注文番号	0	NULL	NULL
65	order_person_name	注文者氏名	0	NULL	NULL
65	order_pref	注文者都道府県	0	NULL	NULL
65	order_telno	注文者電話番号	0	NULL	NULL
65	order_zip	注文者郵便番号	0	NULL	NULL
65	pref	都道府県	0	NULL	NULL
65	shipment_date	出荷予定日	0	NULL	NULL
65	shipment_note	配送備考欄	0	NULL	NULL
65	shop_no	店舗コード	0	NULL	NULL
65	telno	電話番号	0	NULL	NULL
65	warehouse_code	倉庫コード	0	NULL	NULL
65	word_memo	一言メモ	0	NULL	NULL
65	zip	郵便番号	0	NULL	NULL
71	address1	住所1	0	NULL	NULL
71	address2	住所2	0	NULL	NULL
71	all_total_price	合計	0	NULL	NULL
71	code2	元伝票番号	0	NULL	NULL
71	comments	コメント	0	NULL	NULL
71	create_date	出荷予定日	0	NULL	NULL
71	customer_arrival_date	配送希望日	0	NULL	NULL
71	customer_arrival_time	運送時間帯コード	0	NULL	NULL
71	customer_charge1_by_cod	手数料1	0	NULL	NULL
71	customer_charge2_by_cod	手数料2	0	NULL	NULL
71	customer_cost_by_cod	送料	0	NULL	NULL
71	customer_coupon_by_cod	利用クーポン	0	NULL	NULL
71	customer_fee_by_cod	代引料	0	NULL	NULL
71	customer_name	届け先氏名	0	NULL	NULL
71	customer_point_by_cod	利用ポイント	0	NULL	NULL
71	customer_price_by_cod	小計	0	NULL	NULL
71	customer_tax_by_cod	消費税	0	NULL	NULL
71	delivery_code	運送便コード	0	NULL	NULL
71	email	メールアドレス	0	NULL	NULL
71	item.amount	数量	0	NULL	NULL
71	item.attr1_code	属性1コード	0	NULL	NULL
71	item.attr2_code	属性2コード	0	NULL	NULL
71	item.code1	品番	0	NULL	NULL
71	item.each_product_total_price	金額	0	NULL	NULL
71	item.name	商品名	0	NULL	NULL
71	item.product_serial	在庫管理番号	0	NULL	NULL
71	item.sku_code	SKUコード	0	NULL	NULL
71	item.unit_price	単価	0	NULL	NULL
71	note	備考	0	NULL	NULL
71	order_address1	注文者住所1	0	NULL	NULL
71	order_address2	注文者住所2	0	NULL	NULL
71	order_date	注文指定日	0	NULL	NULL
71	order_no	注文番号	0	NULL	NULL
71	order_person_name	注文者氏名	0	NULL	NULL
71	order_pref	注文者都道府県	0	NULL	NULL
71	order_telno	注文者電話番号	0	NULL	NULL
71	order_zip	注文者郵便番号	0	NULL	NULL
71	pref	都道府県	0	NULL	NULL
71	shipment_note	配送備考欄	0	NULL	NULL
71	shop_no	店舗コード	0	NULL	NULL
71	telno	電話番号	0	NULL	NULL
71	warehouse_code	倉庫コード	0	NULL	NULL
71	word_memo	一言メモ	0	NULL	NULL
71	zip	郵便番号	0	NULL	NULL
82	code4	バーコード2	0	NULL	NULL
82	code5	バーコード3	0	NULL	NULL
83	code4	バーコード2	0	NULL	NULL
83	code5	バーコード3	0	NULL	NULL
87	product_code	品番	0	NULL	NULL
87	product_serial	シリアルNo	0	NULL	NULL
87	warehouse_code	倉庫コード	0	NULL	NULL
90	item.code4	バーコード2	0	NULL	NULL
90	item.code5	バーコード3	0	NULL	NULL
54	result_no	伝票番号	0	NULL	NULL
60	shipment_type	出荷区分	0	NULL	NULL
82	last_arrival_date	最新入荷日	0	NULL	NULL
83	last_arrival_date	最新入荷日	0	NULL	NULL
60	address3	住所3	0	NULL	NULL
60	customer_family_name	届け先氏名(苗字)	0	NULL	NULL
60	customer_first_name	届け先氏名(名前)	0	NULL	NULL
60	order_address3	注文者住所3	0	NULL	NULL
61	address3	住所3	0	NULL	NULL
61	customer_family_name	届け先氏名(苗字)	0	NULL	NULL
61	customer_first_name	届け先氏名(名前)	0	NULL	NULL
61	order_address3	注文者住所3	0	NULL	NULL
62	address3	住所3	0	NULL	NULL
62	customer_family_name	届け先氏名(苗字)	0	NULL	NULL
62	customer_first_name	届け先氏名(名前)	0	NULL	NULL
62	order_address3	注文者住所3	0	NULL	NULL
63	address3	住所3	0	NULL	NULL
63	customer_family_name	届け先氏名(苗字)	0	NULL	NULL
63	customer_first_name	届け先氏名(名前)	0	NULL	NULL
63	order_address3	注文者住所3	0	NULL	NULL
64	address3	住所3	0	NULL	NULL
64	customer_family_name	届け先氏名(苗字)	0	NULL	NULL
64	customer_first_name	届け先氏名(名前)	0	NULL	NULL
64	order_address3	注文者住所3	0	NULL	NULL
65	address3	住所3	0	NULL	NULL
90	delivery_info	配送便名	0	NULL	NULL
20	product_head_code	商品品番	0	NULL	NULL
20	code2	元品番	0	NULL	NULL
20	product_head_name	商品品名	0	NULL	NULL
20	short_name	略称	0	NULL	NULL
20	department1_name	区分1名	0	NULL	NULL
20	department1_code	区分1コード	0	NULL	NULL
20	department2_name	区分2名	0	NULL	NULL
20	department2_code	区分2コード	0	NULL	NULL
20	department3_name	区分3名	0	NULL	NULL
20	department3_code	区分3コード	0	NULL	NULL
20	madein	原産国	0	NULL	NULL
20	supplier_code	仕入先コード	0	NULL	NULL
20	supplier_name	仕入先名	0	NULL	NULL
20	series	シリーズ	0	NULL	NULL
20	price1	標準原価	0	NULL	NULL
20	price2	仕入原価	0	NULL	NULL
20	price3	上代1	0	NULL	NULL
20	price4	上代2	0	NULL	NULL
20	default_location	初期ロケーション	0	NULL	NULL
20	product_head_note	備考	0	NULL	NULL
20	part1	素材1	0	NULL	NULL
20	composition1	混率1	0	NULL	NULL
20	part2	素材2	0	NULL	NULL
20	composition2	混率2	0	NULL	NULL
20	part3	素材3	0	NULL	NULL
20	composition3	混率3	0	NULL	NULL
20	part4	素材4	0	NULL	NULL
20	composition4	混率4	0	NULL	NULL
20	part5	素材5	0	NULL	NULL
20	composition5	混率5	0	NULL	NULL
20	part6	素材6	0	NULL	NULL
20	composition6	混率6	0	NULL	NULL
20	part7	素材7	0	NULL	NULL
20	composition7	混率7	0	NULL	NULL
20	attribute1_group	属性1グループ名	0	NULL	NULL
20	attribute2_group	属性2グループ名	0	NULL	NULL
20	product_head_barcode	バーコード	0	NULL	NULL
20	product_head_can_barcode_print	ラベル印刷有り	0	NULL	NULL
20	region1	部位1	0	NULL	NULL
20	region2	部位2	0	NULL	NULL
20	region3	部位3	0	NULL	NULL
20	region4	部位4	0	NULL	NULL
20	region5	部位5	0	NULL	NULL
20	region6	部位6	0	NULL	NULL
20	region7	部位7	0	NULL	NULL
20	region8	部位8	0	NULL	NULL
20	region9	部位9	0	NULL	NULL
20	region10	部位10	0	NULL	NULL
20	region11	部位11	0	NULL	NULL
20	region12	部位12	0	NULL	NULL
20	region13	部位13	0	NULL	NULL
20	region14	部位14	0	NULL	NULL
20	region15	部位15	0	NULL	NULL
20	region16	部位16	0	NULL	NULL
20	part8	素材8	0	NULL	NULL
20	composition8	混率8	0	NULL	NULL
20	part9	素材9	0	NULL	NULL
20	composition9	混率9	0	NULL	NULL
20	part10	素材10	0	NULL	NULL
20	composition10	混率10	0	NULL	NULL
20	part11	素材11	0	NULL	NULL
20	composition11	混率11	0	NULL	NULL
20	part12	素材12	0	NULL	NULL
20	composition12	混率12	0	NULL	NULL
20	part13	素材13	0	NULL	NULL
20	composition13	混率13	0	NULL	NULL
20	part14	素材14	0	NULL	NULL
20	composition14	混率14	0	NULL	NULL
20	part15	素材15	0	NULL	NULL
20	composition15	混率15	0	NULL	NULL
20	part16	素材16	0	NULL	NULL
20	composition16	混率16	0	NULL	NULL
20	attribute1_code	属性１コード	0	NULL	NULL
20	attribute2_code	属性２コード	0	NULL	NULL
20	attribute1_name	属性１名	0	NULL	NULL
20	attribute2_name	属性２名	0	NULL	NULL
20	code1	SKUコード	1	NULL	NULL
20	name	品名	0	NULL	NULL
20	code3	バーコード1	0	NULL	NULL
20	code4	バーコード2	0	NULL	NULL
20	code5	バーコード3	0	NULL	NULL
20	note	備考	0	NULL	NULL
20	can_barcode_print	ラベル印刷有り	0	NULL	NULL
60	item.product_option	商品オプション	0	NULL	NULL
60	purchase_count	購入回数	0	NULL	NULL
60	order_payment_method	支払方法	0	NULL	NULL
60	is_gift	ギフトフラグ	0	NULL	NULL
90	customer_b2_delivery_no	送り状番号	0	NULL	NULL
12	code1	SKUコード	1	NULL	NULL
12	sku_code2	SKUコード2	1	NULL	NULL
10	sku_code2	SKUコード2	0	NULL	NULL
20	sku_code2	SKUコード2	0	NULL	NULL
61	shipment_type	出荷区分	0	NULL	NULL
61	item.product_option	商品オプション	0	NULL	NULL
61	purchase_count	購入回数	0	NULL	NULL
61	order_payment_method	支払方法	0	NULL	NULL
61	is_gift	ギフトフラグ	0	NULL	NULL
62	shipment_type	出荷区分	0	NULL	NULL
62	item.product_option	商品オプション	0	NULL	NULL
62	purchase_count	購入回数	0	NULL	NULL
62	order_payment_method	支払方法	0	NULL	NULL
62	is_gift	ギフトフラグ	0	NULL	NULL
63	shipment_type	出荷区分	0	NULL	NULL
63	item.product_option	商品オプション	0	NULL	NULL
63	purchase_count	購入回数	0	NULL	NULL
63	order_payment_method	支払方法	0	NULL	NULL
63	is_gift	ギフトフラグ	0	NULL	NULL
64	shipment_type	出荷区分	0	NULL	NULL
64	item.product_option	商品オプション	0	NULL	NULL
64	purchase_count	購入回数	0	NULL	NULL
64	order_payment_method	支払方法	0	NULL	NULL
64	is_gift	ギフトフラグ	0	NULL	NULL
60	customer_code	得意先コード	0	NULL	NULL
62	customer_code	得意先コード	0	NULL	NULL
63	customer_code	得意先コード	0	NULL	NULL
64	customer_code	得意先コード	0	NULL	NULL
8	product_head_barcode2	バーコード2	0	NULL	NULL
8	product_head_barcode3	バーコード3	0	NULL	NULL
9	code4	バーコード2	0	NULL	NULL
9	code5	バーコード3	0	NULL	NULL
50	item.code4	バーコード2	0	NULL	NULL
50	item.code5	バーコード3	0	NULL	NULL
21	product_head_code	商品品番	0	NULL	NULL
21	code2	元品番	0	NULL	NULL
21	product_head_name	商品品名	0	NULL	NULL
21	short_name	略称	0	NULL	NULL
21	department1_name	区分1名	0	NULL	NULL
21	department1_code	区分1コード	0	NULL	NULL
21	department2_name	区分2名	0	NULL	NULL
21	department2_code	区分2コード	0	NULL	NULL
21	department3_name	区分3名	0	NULL	NULL
21	department3_code	区分3コード	0	NULL	NULL
21	madein	原産国	0	NULL	NULL
21	supplier_code	仕入先コード	0	NULL	NULL
21	supplier_name	仕入先名	0	NULL	NULL
21	series	シリーズ	0	NULL	NULL
21	price1	標準原価	0	NULL	NULL
21	price2	仕入原価	0	NULL	NULL
21	price3	上代1	0	NULL	NULL
21	price4	上代2	0	NULL	NULL
21	default_location	初期ロケーション	0	NULL	NULL
21	product_head_note	備考	0	NULL	NULL
21	part1	素材1	0	NULL	NULL
21	composition1	混率1	0	NULL	NULL
21	part2	素材2	0	NULL	NULL
21	composition2	混率2	0	NULL	NULL
21	part3	素材3	0	NULL	NULL
21	composition3	混率3	0	NULL	NULL
21	part4	素材4	0	NULL	NULL
21	composition4	混率4	0	NULL	NULL
21	part5	素材5	0	NULL	NULL
21	composition5	混率5	0	NULL	NULL
21	part6	素材6	0	NULL	NULL
21	composition6	混率6	0	NULL	NULL
21	part7	素材7	0	NULL	NULL
21	composition7	混率7	0	NULL	NULL
21	attribute1_group	属性1グループ名	0	NULL	NULL
21	attribute2_group	属性2グループ名	0	NULL	NULL
21	product_head_barcode	バーコード	0	NULL	NULL
21	product_head_can_barcode_print	ラベル印刷有り	0	NULL	NULL
21	region1	部位1	0	NULL	NULL
21	region2	部位2	0	NULL	NULL
21	region3	部位3	0	NULL	NULL
21	region4	部位4	0	NULL	NULL
21	region5	部位5	0	NULL	NULL
21	region6	部位6	0	NULL	NULL
21	region7	部位7	0	NULL	NULL
21	region8	部位8	0	NULL	NULL
21	region9	部位9	0	NULL	NULL
21	region10	部位10	0	NULL	NULL
21	region11	部位11	0	NULL	NULL
21	region12	部位12	0	NULL	NULL
21	region13	部位13	0	NULL	NULL
21	region14	部位14	0	NULL	NULL
21	region15	部位15	0	NULL	NULL
21	region16	部位16	0	NULL	NULL
21	part8	素材8	0	NULL	NULL
21	composition8	混率8	0	NULL	NULL
21	part9	素材9	0	NULL	NULL
21	composition9	混率9	0	NULL	NULL
21	part10	素材10	0	NULL	NULL
21	composition10	混率10	0	NULL	NULL
21	part11	素材11	0	NULL	NULL
21	composition11	混率11	0	NULL	NULL
21	part12	素材12	0	NULL	NULL
21	composition12	混率12	0	NULL	NULL
21	part13	素材13	0	NULL	NULL
21	composition13	混率13	0	NULL	NULL
21	part14	素材14	0	NULL	NULL
21	composition14	混率14	0	NULL	NULL
21	part15	素材15	0	NULL	NULL
21	composition15	混率15	0	NULL	NULL
21	part16	素材16	0	NULL	NULL
21	composition16	混率16	0	NULL	NULL
21	attribute1_code	属性１コード	0	NULL	NULL
21	attribute2_code	属性２コード	0	NULL	NULL
21	attribute1_name	属性１名	0	NULL	NULL
21	attribute2_name	属性２名	0	NULL	NULL
21	code1	SKUコード	1	NULL	NULL
21	name	品名	0	NULL	NULL
21	code3	バーコード1	0	NULL	NULL
21	code4	バーコード2	0	NULL	NULL
21	code5	バーコード3	0	NULL	NULL
21	note	備考	0	NULL	NULL
21	can_barcode_print	ラベル印刷有り	0	NULL	NULL
21	sku_code2	SKUコード2	0	NULL	NULL
60	option_01	オプション項目01	0	NULL	NULL
60	option_02	オプション項目02	0	NULL	NULL
60	option_03	オプション項目03	0	NULL	NULL
60	option_04	オプション項目04	0	NULL	NULL
60	option_05	オプション項目05	0	NULL	NULL
60	option_06	オプション項目06	0	NULL	NULL
60	option_07	オプション項目07	0	NULL	NULL
60	option_08	オプション項目08	0	NULL	NULL
60	option_09	オプション項目09	0	NULL	NULL
60	option_10	オプション項目10	0	NULL	NULL
60	option_11	オプション項目11	0	NULL	NULL
60	option_12	オプション項目12	0	NULL	NULL
60	option_13	オプション項目13	0	NULL	NULL
60	option_14	オプション項目14	0	NULL	NULL
60	option_15	オプション項目15	0	NULL	NULL
60	option_16	オプション項目16	0	NULL	NULL
60	option_17	オプション項目17	0	NULL	NULL
60	option_18	オプション項目18	0	NULL	NULL
60	option_19	オプション項目19	0	NULL	NULL
60	option_20	オプション項目20	0	NULL	NULL
61	option_01	オプション項目01	0	NULL	NULL
61	option_02	オプション項目02	0	NULL	NULL
61	option_03	オプション項目03	0	NULL	NULL
61	option_04	オプション項目04	0	NULL	NULL
61	option_05	オプション項目05	0	NULL	NULL
61	option_06	オプション項目06	0	NULL	NULL
61	option_07	オプション項目07	0	NULL	NULL
61	option_08	オプション項目08	0	NULL	NULL
61	option_09	オプション項目09	0	NULL	NULL
61	option_10	オプション項目10	0	NULL	NULL
61	option_11	オプション項目11	0	NULL	NULL
61	option_12	オプション項目12	0	NULL	NULL
61	option_13	オプション項目13	0	NULL	NULL
61	option_14	オプション項目14	0	NULL	NULL
61	option_15	オプション項目15	0	NULL	NULL
61	option_16	オプション項目16	0	NULL	NULL
61	option_17	オプション項目17	0	NULL	NULL
61	option_18	オプション項目18	0	NULL	NULL
61	option_19	オプション項目19	0	NULL	NULL
61	option_20	オプション項目20	0	NULL	NULL
62	option_01	オプション項目01	0	NULL	NULL
62	option_02	オプション項目02	0	NULL	NULL
62	option_03	オプション項目03	0	NULL	NULL
62	option_04	オプション項目04	0	NULL	NULL
62	option_05	オプション項目05	0	NULL	NULL
62	option_06	オプション項目06	0	NULL	NULL
62	option_07	オプション項目07	0	NULL	NULL
62	option_08	オプション項目08	0	NULL	NULL
62	option_09	オプション項目09	0	NULL	NULL
62	option_10	オプション項目10	0	NULL	NULL
62	option_11	オプション項目11	0	NULL	NULL
62	option_12	オプション項目12	0	NULL	NULL
62	option_13	オプション項目13	0	NULL	NULL
62	option_14	オプション項目14	0	NULL	NULL
62	option_15	オプション項目15	0	NULL	NULL
62	option_16	オプション項目16	0	NULL	NULL
62	option_17	オプション項目17	0	NULL	NULL
62	option_18	オプション項目18	0	NULL	NULL
62	option_19	オプション項目19	0	NULL	NULL
62	option_20	オプション項目20	0	NULL	NULL
63	option_01	オプション項目01	0	NULL	NULL
63	option_02	オプション項目02	0	NULL	NULL
63	option_03	オプション項目03	0	NULL	NULL
63	option_04	オプション項目04	0	NULL	NULL
63	option_05	オプション項目05	0	NULL	NULL
63	option_06	オプション項目06	0	NULL	NULL
63	option_07	オプション項目07	0	NULL	NULL
63	option_08	オプション項目08	0	NULL	NULL
63	option_09	オプション項目09	0	NULL	NULL
63	option_10	オプション項目10	0	NULL	NULL
63	option_11	オプション項目11	0	NULL	NULL
63	option_12	オプション項目12	0	NULL	NULL
63	option_13	オプション項目13	0	NULL	NULL
63	option_14	オプション項目14	0	NULL	NULL
63	option_15	オプション項目15	0	NULL	NULL
63	option_16	オプション項目16	0	NULL	NULL
63	option_17	オプション項目17	0	NULL	NULL
63	option_18	オプション項目18	0	NULL	NULL
63	option_19	オプション項目19	0	NULL	NULL
63	option_20	オプション項目20	0	NULL	NULL
64	option_01	オプション項目01	0	NULL	NULL
64	option_02	オプション項目02	0	NULL	NULL
64	option_03	オプション項目03	0	NULL	NULL
64	option_04	オプション項目04	0	NULL	NULL
64	option_05	オプション項目05	0	NULL	NULL
64	option_06	オプション項目06	0	NULL	NULL
64	option_07	オプション項目07	0	NULL	NULL
64	option_08	オプション項目08	0	NULL	NULL
64	option_09	オプション項目09	0	NULL	NULL
64	option_10	オプション項目10	0	NULL	NULL
64	option_11	オプション項目11	0	NULL	NULL
64	option_12	オプション項目12	0	NULL	NULL
64	option_13	オプション項目13	0	NULL	NULL
64	option_14	オプション項目14	0	NULL	NULL
64	option_15	オプション項目15	0	NULL	NULL
64	option_16	オプション項目16	0	NULL	NULL
64	option_17	オプション項目17	0	NULL	NULL
64	option_18	オプション項目18	0	NULL	NULL
64	option_19	オプション項目19	0	NULL	NULL
64	option_20	オプション項目20	0	NULL	NULL
61	delivery_code_option1	運送便コードオプション1	0	NULL	NULL
61	delivery_code_option2	運送便コードオプション2	0	NULL	NULL
61	delivery_code_option3	運送便コードオプション3	0	NULL	NULL
62	delivery_code_option1	運送便コードオプション1	0	NULL	NULL
62	delivery_code_option2	運送便コードオプション2	0	NULL	NULL
62	delivery_code_option3	運送便コードオプション3	0	NULL	NULL
63	delivery_code_option1	運送便コードオプション1	0	NULL	NULL
63	delivery_code_option2	運送便コードオプション2	0	NULL	NULL
63	delivery_code_option3	運送便コードオプション3	0	NULL	NULL
64	delivery_code_option1	運送便コードオプション1	0	NULL	NULL
64	delivery_code_option2	運送便コードオプション2	0	NULL	NULL
64	delivery_code_option3	運送便コードオプション3	0	NULL	NULL
60	delivery_code_option1	運送便コードオプション1	0	NULL	NULL
60	delivery_code_option2	運送便コードオプション2	0	NULL	NULL
60	delivery_code_option3	運送便コードオプション3	0	NULL	NULL
9	amount	有効在庫数	0	NULL	NULL
11	amount	在庫数量	0	NULL	NULL
21	amount	有効在庫数	0	NULL	NULL
9	update_type	区分(在庫更新区分)	0	NULL	NULL
11	update_type	区分	0	NULL	NULL
21	update_type	区分(在庫更新区分)	0	NULL	NULL
8	packing_size	出荷梱包サイズ	0	NULL	NULL
9	packing_size	出荷梱包サイズ	0	NULL	NULL
20	packing_size	出荷梱包サイズ	0	NULL	NULL
21	packing_size	出荷梱包サイズ	0	NULL	NULL
60	customer_tax_free	0％税額合計(NEのみ)	0	NULL	NULL
60	customer_price_free	0％請求額合計(NEのみ)	0	NULL	NULL
60	customer_tax_reduced	軽減税率8％税額合計(NEのみ)	0	NULL	NULL
60	customer_price_reduced	軽減税率8％請求額合計(NEのみ)	0	NULL	NULL
60	customer_tax_normal	通常税率10％税額合計(NEのみ)	0	NULL	NULL
60	customer_price_normal	通常税率10％請求額合計(NEのみ)	0	NULL	NULL
61	customer_tax_free	0％税額合計(NEのみ)	0	NULL	NULL
61	customer_price_free	0％請求額合計(NEのみ)	0	NULL	NULL
61	customer_tax_reduced	軽減税率8％税額合計(NEのみ)	0	NULL	NULL
61	customer_price_reduced	軽減税率8％請求額合計(NEのみ)	0	NULL	NULL
61	customer_tax_normal	通常税率10％税額合計(NEのみ)	0	NULL	NULL
61	customer_price_normal	通常税率10％請求額合計(NEのみ)	0	NULL	NULL
62	customer_tax_free	0％税額合計(NEのみ)	0	NULL	NULL
62	customer_price_free	0％請求額合計(NEのみ)	0	NULL	NULL
62	customer_tax_reduced	軽減税率8％税額合計(NEのみ)	0	NULL	NULL
62	customer_price_reduced	軽減税率8％請求額合計(NEのみ)	0	NULL	NULL
62	customer_tax_normal	通常税率10％税額合計(NEのみ)	0	NULL	NULL
62	customer_price_normal	通常税率10％請求額合計(NEのみ)	0	NULL	NULL
63	customer_tax_free	0％税額合計(NEのみ)	0	NULL	NULL
63	customer_price_free	0％請求額合計(NEのみ)	0	NULL	NULL
63	customer_tax_reduced	軽減税率8％税額合計(NEのみ)	0	NULL	NULL
63	customer_price_reduced	軽減税率8％請求額合計(NEのみ)	0	NULL	NULL
63	customer_tax_normal	通常税率10％税額合計(NEのみ)	0	NULL	NULL
63	customer_price_normal	通常税率10％請求額合計(NEのみ)	0	NULL	NULL
64	customer_tax_free	0％税額合計(NEのみ)	0	NULL	NULL
64	customer_price_free	0％請求額合計(NEのみ)	0	NULL	NULL
64	customer_tax_reduced	軽減税率8％税額合計(NEのみ)	0	NULL	NULL
64	customer_price_reduced	軽減税率8％請求額合計(NEのみ)	0	NULL	NULL
64	customer_tax_normal	通常税率10％税額合計(NEのみ)	0	NULL	NULL
64	customer_price_normal	通常税率10％請求額合計(NEのみ)	0	NULL	NULL
65	customer_tax_free	0％税額合計(NEのみ)	0	NULL	NULL
65	customer_price_free	0％請求額合計(NEのみ)	0	NULL	NULL
65	customer_tax_reduced	軽減税率8％税額合計(NEのみ)	0	NULL	NULL
65	customer_price_reduced	軽減税率8％請求額合計(NEのみ)	0	NULL	NULL
65	customer_tax_normal	通常税率10％税額合計(NEのみ)	0	NULL	NULL
65	customer_price_normal	通常税率10％請求額合計(NEのみ)	0	NULL	NULL
8	reduced_tax_rate_type	軽減税率区分	0	NULL	NULL
9	reduced_tax_rate_type	軽減税率区分	0	NULL	NULL
20	reduced_tax_rate_type	軽減税率区分	0	NULL	NULL
21	reduced_tax_rate_type	軽減税率区分	0	NULL	NULL
50	item.sku_key1	SKU管理項目1(未使用)	0	NULL	NULL
50	item.sku_key2	ロット	0	NULL	NULL
50	item.sku_key3	SKU管理項目3(未使用)	0	NULL	NULL
50	item.complexed_code	複合コード(カスタム)	0	NULL	NULL
47	code	梱包区分	0	NULL	NULL
47	name	区分名	0	NULL	NULL
47	package_count	梱包数	0	NULL	NULL
47	note	備考	0	NULL	NULL
48	code	梱包区分	0	NULL	NULL
48	name	区分名	0	NULL	NULL
48	package_count	梱包数	0	NULL	NULL
48	note	備考	0	NULL	NULL
8	package_code	梱包区分	0	NULL	NULL
9	package_code	梱包区分	0	NULL	NULL
20	package_code	梱包区分	0	NULL	NULL
21	package_code	梱包区分	0	NULL	NULL
64	shop_name	店舗名	0	NULL	NULL
64	shop_zip	店舗郵便番号	0	NULL	NULL
64	shop_address1	店舗住所1	0	NULL	NULL
64	shop_address2	店舗住所2	0	NULL	NULL
64	shop_telno	店舗電話番号	0	NULL	NULL
64	item.sku_key1	入荷日	0	NULL	NULL
64	item.sku_key2	ロット	0	NULL	NULL
64	item.sku_key3	SKU管理項目3(未使用)	0	NULL	NULL
61	item.complexed_code	複合コード(カスタム)	0	NULL	NULL
62	item.complexed_code	複合コード(カスタム)	0	NULL	NULL
63	item.complexed_code	複合コード(カスタム)	0	NULL	NULL
64	item.complexed_code	複合コード(カスタム)	0	NULL	NULL
65	item.complexed_code	複合コード(カスタム)	0	NULL	NULL
8	unit_per_amount	入数	0	NULL	NULL
9	unit_per_amount	入数	0	NULL	NULL
10	unit_per_amount	入数	0	NULL	NULL
11	unit_per_amount	入数	0	NULL	NULL
20	unit_per_amount	入数	0	NULL	NULL
21	unit_per_amount	入数	0	NULL	NULL
13	code1	SKUコード	0	NULL	NULL
13	product_head_code	商品品番	0	NULL	NULL
13	code1_changed	SKUコード(変更後)	0	NULL	NULL
13	product_head_code_changed	商品品番(変更後)	0	NULL	NULL
60	shop_name	店舗名	0	NULL	NULL
60	shop_zip	店舗郵便番号	0	NULL	NULL
60	shop_address1	店舗住所1	0	NULL	NULL
60	shop_address2	店舗住所2	0	NULL	NULL
60	shop_telno	店舗電話番号	0	NULL	NULL
60	item.sku_key1	入荷日	0	NULL	NULL
60	item.sku_key2	ロット	0	NULL	NULL
60	item.sku_key3	SKU管理項目3(未使用)	0	NULL	NULL
60	item.complexed_code	複合コード(カスタム)	0	NULL	NULL
61	shop_name	店舗名	0	NULL	NULL
61	shop_zip	店舗郵便番号	0	NULL	NULL
61	shop_address1	店舗住所1	0	NULL	NULL
61	shop_address2	店舗住所2	0	NULL	NULL
61	shop_telno	店舗電話番号	0	NULL	NULL
61	item.sku_key1	入荷日	0	NULL	NULL
61	item.sku_key2	ロット	0	NULL	NULL
61	item.sku_key3	SKU管理項目3(未使用)	0	NULL	NULL
62	shop_name	店舗名	0	NULL	NULL
62	shop_zip	店舗郵便番号	0	NULL	NULL
62	shop_address1	店舗住所1	0	NULL	NULL
62	shop_address2	店舗住所2	0	NULL	NULL
62	shop_telno	店舗電話番号	0	NULL	NULL
62	item.sku_key1	入荷日	0	NULL	NULL
62	item.sku_key2	ロット	0	NULL	NULL
62	item.sku_key3	SKU管理項目3(未使用)	0	NULL	NULL
63	shop_name	店舗名	0	NULL	NULL
63	shop_zip	店舗郵便番号	0	NULL	NULL
63	shop_address1	店舗住所1	0	NULL	NULL
63	shop_address2	店舗住所2	0	NULL	NULL
63	shop_telno	店舗電話番号	0	NULL	NULL
63	item.sku_key1	入荷日	0	NULL	NULL
63	item.sku_key2	ロット	0	NULL	NULL
63	item.sku_key3	SKU管理項目3(未使用)	0	NULL	NULL
90	item.sku_key1	入荷日	0	NULL	NULL
90	item.sku_key2	ロット	0	NULL	NULL
71	item.sku_key1	入荷日	0	NULL	NULL
71	item.sku_key2	ロット	0	NULL	NULL
75	item.sku_key1	入荷日	0	NULL	NULL
75	item.sku_key2	ロット	0	NULL	NULL